{
	"credit": "Made with Blockbench",
	"textures": {
		"0": "stabxmodernguns:item/angled_forgrip",
		"particle": "stabxmodernguns:item/angled_forgrip"
	},
	"elements": [
		{
			"from": [7.499, 7.525, 3.8375],
			"to": [8.501, 8.0625, 11.4375],
			"rotation": {"angle": 0, "axis": "y", "origin": [8, 6.43957, 7.65985]},
			"faces": {
				"north": {"uv": [4.64016, 0.01114, 5.5007, 2.1556], "texture": "#0", "tintindex": 0},
				"east": {"uv": [1.78125, 0.01114, 5.625, 2.40625], "texture": "#0", "tintindex": 0},
				"south": {"uv": [2.80434, 0.01114, 3.66488, 2.1556], "texture": "#0", "tintindex": 0},
				"west": {"uv": [3.41628, 0.01114, 4.88876, 2.1556], "texture": "#0", "tintindex": 0},
				"up": {"uv": [3.37803, 0, 4.85051, 2.14446], "rotation": 90, "texture": "#0", "tintindex": 0},
				"down": {"uv": [3.37803, 0, 4.85051, 2.14446], "rotation": 90, "texture": "#0", "tintindex": 0}
			}
		},
		{
			"from": [7.6865, 5.11875, 10.18125],
			"to": [8.3135, 7.78125, 10.90625],
			"rotation": {"angle": 22.5, "axis": "x", "origin": [8, 7.45, 10.41875]},
			"faces": {
				"north": {"uv": [4.64016, 0.01114, 5.5007, 2.1556], "texture": "#0", "tintindex": 0},
				"east": {"uv": [1.78125, 0.01114, 5.625, 2.40625], "texture": "#0", "tintindex": 0},
				"south": {"uv": [2.80434, 0.01114, 3.66488, 2.1556], "texture": "#0", "tintindex": 0},
				"west": {"uv": [3.41628, 0.01114, 4.88876, 2.1556], "texture": "#0", "tintindex": 0},
				"up": {"uv": [3.37803, 0, 4.85051, 2.14446], "rotation": 90, "texture": "#0", "tintindex": 0},
				"down": {"uv": [3.37803, 0, 4.85051, 2.14446], "rotation": 90, "texture": "#0", "tintindex": 0}
			}
		},
		{
			"from": [7.6865, 4.92255, 9.44117],
			"to": [8.3135, 5.33505, 9.72867],
			"rotation": {"angle": 0, "axis": "x", "origin": [8, 5.0038, 9.70992]},
			"faces": {
				"north": {"uv": [4.64016, 0.01114, 5.5007, 2.1556], "texture": "#0", "tintindex": 0},
				"east": {"uv": [1.78125, 0.01114, 5.625, 2.40625], "texture": "#0", "tintindex": 0},
				"south": {"uv": [2.80434, 0.01114, 3.66488, 2.1556], "texture": "#0", "tintindex": 0},
				"west": {"uv": [3.41628, 0.01114, 4.88876, 2.1556], "texture": "#0", "tintindex": 0},
				"up": {"uv": [3.37803, 0, 4.85051, 2.14446], "rotation": 90, "texture": "#0", "tintindex": 0},
				"down": {"uv": [3.37803, 0, 4.85051, 2.14446], "rotation": 90, "texture": "#0", "tintindex": 0}
			}
		},
		{
			"from": [7.6865, 4.87576, 9.51392],
			"to": [8.3135, 5.28826, 9.80142],
			"rotation": {"angle": 22.5, "axis": "x", "origin": [8, 5.08201, 9.59517]},
			"faces": {
				"north": {"uv": [4.64016, 0.01114, 5.5007, 2.1556], "texture": "#0", "tintindex": 0},
				"east": {"uv": [1.78125, 0.01114, 5.625, 2.40625], "texture": "#0", "tintindex": 0},
				"south": {"uv": [2.80434, 0.01114, 3.66488, 2.1556], "texture": "#0", "tintindex": 0},
				"west": {"uv": [3.41628, 0.01114, 4.88876, 2.1556], "texture": "#0", "tintindex": 0},
				"up": {"uv": [3.37803, 0, 4.85051, 2.14446], "rotation": 90, "texture": "#0", "tintindex": 0},
				"down": {"uv": [3.37803, 0, 4.85051, 2.14446], "rotation": 90, "texture": "#0", "tintindex": 0}
			}
		},
		{
			"from": [7.6865, 4.81253, 9.70679],
			"to": [8.3135, 5.22503, 9.99429],
			"rotation": {"angle": 0, "axis": "x", "origin": [8, 5.01878, 9.78804]},
			"faces": {
				"north": {"uv": [4.64016, 0.01114, 5.5007, 2.1556], "texture": "#0", "tintindex": 0},
				"east": {"uv": [1.78125, 0.01114, 5.625, 2.40625], "texture": "#0", "tintindex": 0},
				"south": {"uv": [2.80434, 0.01114, 3.66488, 2.1556], "texture": "#0", "tintindex": 0},
				"west": {"uv": [3.41628, 0.01114, 4.88876, 2.1556], "texture": "#0", "tintindex": 0},
				"up": {"uv": [3.37803, 0, 4.85051, 2.14446], "rotation": 90, "texture": "#0", "tintindex": 0},
				"down": {"uv": [3.37803, 0, 4.85051, 2.14446], "rotation": 90, "texture": "#0", "tintindex": 0}
			}
		},
		{
			"from": [7.6865, 6.01881, 6.93836],
			"to": [8.3135, 6.77506, 9.88211],
			"rotation": {"angle": 45, "axis": "x", "origin": [8, 6.39693, 8.83211]},
			"faces": {
				"north": {"uv": [3.37803, 0, 4.85051, 2.14446], "rotation": 270, "texture": "#0", "tintindex": 0},
				"east": {"uv": [1.78125, 0.01114, 5.625, 2.40625], "rotation": 270, "texture": "#0", "tintindex": 0},
				"south": {"uv": [3.37803, 0, 4.85051, 2.14446], "rotation": 90, "texture": "#0", "tintindex": 0},
				"west": {"uv": [3.41628, 0.01114, 4.88876, 2.1556], "rotation": 90, "texture": "#0", "tintindex": 0},
				"up": {"uv": [4.64016, 0.01114, 5.5007, 2.1556], "rotation": 180, "texture": "#0", "tintindex": 0},
				"down": {"uv": [2.80434, 0.01114, 3.66488, 2.1556], "texture": "#0", "tintindex": 0}
			}
		},
		{
			"from": [7.6865, 7.12962, 8.49942],
			"to": [8.3135, 7.79212, 9.31817],
			"rotation": {"angle": -45, "axis": "x", "origin": [8, 6.69524, 8.5338]},
			"faces": {
				"north": {"uv": [3.37803, 0, 4.85051, 2.14446], "rotation": 270, "texture": "#0", "tintindex": 0},
				"east": {"uv": [1.78125, 0.01114, 5.625, 2.40625], "rotation": 90, "texture": "#0", "tintindex": 0},
				"south": {"uv": [3.37803, 0, 4.85051, 2.14446], "rotation": 90, "texture": "#0", "tintindex": 0},
				"west": {"uv": [3.41628, 0.01114, 4.88876, 2.1556], "rotation": 270, "texture": "#0", "tintindex": 0},
				"up": {"uv": [2.80434, 0.01114, 3.66488, 2.1556], "texture": "#0", "tintindex": 0},
				"down": {"uv": [4.64016, 0.01114, 5.5007, 2.1556], "rotation": 180, "texture": "#0", "tintindex": 0}
			}
		},
		{
			"from": [7.6865, 8.22337, 8.90567],
			"to": [8.3135, 8.88587, 9.31817],
			"rotation": {"angle": 45, "axis": "x", "origin": [8, 6.69524, 8.5338]},
			"faces": {
				"north": {"uv": [3.37803, 0, 4.85051, 2.14446], "rotation": 270, "texture": "#0", "tintindex": 0},
				"east": {"uv": [1.78125, 0.01114, 5.625, 2.40625], "rotation": 90, "texture": "#0", "tintindex": 0},
				"south": {"uv": [3.37803, 0, 4.85051, 2.14446], "rotation": 90, "texture": "#0", "tintindex": 0},
				"west": {"uv": [3.41628, 0.01114, 4.88876, 2.1556], "rotation": 270, "texture": "#0", "tintindex": 0},
				"up": {"uv": [2.80434, 0.01114, 3.66488, 2.1556], "texture": "#0", "tintindex": 0},
				"down": {"uv": [4.64016, 0.01114, 5.5007, 2.1556], "rotation": 180, "texture": "#0", "tintindex": 0}
			}
		},
		{
			"from": [7.6865, 5.92774, 9.36089],
			"to": [8.3135, 6.40274, 9.86714],
			"rotation": {"angle": 0, "axis": "x", "origin": [8, 6.35274, 9.20776]},
			"faces": {
				"north": {"uv": [3.37803, 0, 4.85051, 2.14446], "rotation": 270, "texture": "#0", "tintindex": 0},
				"east": {"uv": [1.78125, 0.01114, 5.625, 2.40625], "rotation": 90, "texture": "#0", "tintindex": 0},
				"south": {"uv": [3.37803, 0, 4.85051, 2.14446], "rotation": 90, "texture": "#0", "tintindex": 0},
				"west": {"uv": [3.41628, 0.01114, 4.88876, 2.1556], "rotation": 270, "texture": "#0", "tintindex": 0},
				"up": {"uv": [2.80434, 0.01114, 3.66488, 2.1556], "texture": "#0", "tintindex": 0},
				"down": {"uv": [4.64016, 0.01114, 5.5007, 2.1556], "rotation": 180, "texture": "#0", "tintindex": 0}
			}
		},
		{
			"from": [7.6865, 6.69212, 7.96817],
			"to": [8.3135, 7.13587, 9.56817],
			"rotation": {"angle": 45, "axis": "x", "origin": [8, 6.69524, 8.5338]},
			"faces": {
				"north": {"uv": [3.37803, 0, 4.85051, 2.14446], "rotation": 270, "texture": "#0", "tintindex": 0},
				"east": {"uv": [1.78125, 0.01114, 5.625, 2.40625], "rotation": 90, "texture": "#0", "tintindex": 0},
				"south": {"uv": [3.37803, 0, 4.85051, 2.14446], "rotation": 90, "texture": "#0", "tintindex": 0},
				"west": {"uv": [3.41628, 0.01114, 4.88876, 2.1556], "rotation": 270, "texture": "#0", "tintindex": 0},
				"up": {"uv": [2.80434, 0.01114, 3.66488, 2.1556], "texture": "#0", "tintindex": 0},
				"down": {"uv": [4.64016, 0.01114, 5.5007, 2.1556], "rotation": 180, "texture": "#0", "tintindex": 0}
			}
		},
		{
			"from": [7.6865, 5.89381, 7.50086],
			"to": [8.3135, 6.05631, 9.06961],
			"rotation": {"angle": 45, "axis": "x", "origin": [8, 6.39693, 8.83211]},